,Year,Opened Licenses,Percent Change
39,2019,8032,
40,2020,3213,-0.5999750996015936
41,2021,4141,0.28882664176781825
42,2022,4484,0.08283023424293656
